Delta,Time,CORE0_ENERGY (J),CORE0_FREQ (MHZ),CORE0_PSTATE,CORE0_VOLT (V),CORE10_ENERGY (J),CORE10_FREQ (MHZ),CORE10_PSTATE,CORE10_VOLT (V),CORE11_ENERGY (J),CORE11_FREQ (MHZ),CORE11_PSTATE,CORE11_VOLT (V),CORE12_ENERGY (J),CORE12_FREQ (MHZ),CORE12_PSTATE,CORE12_VOLT (V),CORE13_ENERGY (J),CORE13_FREQ (MHZ),CORE13_PSTATE,CORE13_VOLT (V),CORE14_ENERGY (J),CORE14_FREQ (MHZ),CORE14_PSTATE,CORE14_VOLT (V),CORE15_ENERGY (J),CORE15_FREQ (MHZ),CORE15_PSTATE,CORE15_VOLT (V),CORE1_ENERGY (J),CORE1_FREQ (MHZ),CORE1_PSTATE,CORE1_VOLT (V),CORE2_ENERGY (J),CORE2_FREQ (MHZ),CORE2_PSTATE,CORE2_VOLT (V),CORE3_ENERGY (J),CORE3_FREQ (MHZ),CORE3_PSTATE,CORE3_VOLT (V),CORE4_ENERGY (J),CORE4_FREQ (MHZ),CORE4_PSTATE,CORE4_VOLT (V),CORE5_ENERGY (J),CORE5_FREQ (MHZ),CORE5_PSTATE,CORE5_VOLT (V),CORE6_ENERGY (J),CORE6_FREQ (MHZ),CORE6_PSTATE,CORE6_VOLT (V),CORE7_ENERGY (J),CORE7_FREQ (MHZ),CORE7_PSTATE,CORE7_VOLT (V),CORE8_ENERGY (J),CORE8_FREQ (MHZ),CORE8_PSTATE,CORE8_VOLT (V),CORE9_ENERGY (J),CORE9_FREQ (MHZ),CORE9_PSTATE,CORE9_VOLT (V),CPU_ENERGY (J),CPU_FREQUENCY_0,CPU_FREQUENCY_1,CPU_FREQUENCY_10,CPU_FREQUENCY_11,CPU_FREQUENCY_12,CPU_FREQUENCY_13,CPU_FREQUENCY_14,CPU_FREQUENCY_15,CPU_FREQUENCY_16,CPU_FREQUENCY_17,CPU_FREQUENCY_18,CPU_FREQUENCY_19,CPU_FREQUENCY_2,CPU_FREQUENCY_20,CPU_FREQUENCY_21,CPU_FREQUENCY_22,CPU_FREQUENCY_23,CPU_FREQUENCY_24,CPU_FREQUENCY_25,CPU_FREQUENCY_26,CPU_FREQUENCY_27,CPU_FREQUENCY_28,CPU_FREQUENCY_29,CPU_FREQUENCY_3,CPU_FREQUENCY_30,CPU_FREQUENCY_31,CPU_FREQUENCY_4,CPU_FREQUENCY_5,CPU_FREQUENCY_6,CPU_FREQUENCY_7,CPU_FREQUENCY_8,CPU_FREQUENCY_9,CPU_USAGE_0,CPU_USAGE_1,CPU_USAGE_10,CPU_USAGE_11,CPU_USAGE_12,CPU_USAGE_13,CPU_USAGE_14,CPU_USAGE_15,CPU_USAGE_16,CPU_USAGE_17,CPU_USAGE_18,CPU_USAGE_19,CPU_USAGE_2,CPU_USAGE_20,CPU_USAGE_21,CPU_USAGE_22,CPU_USAGE_23,CPU_USAGE_24,CPU_USAGE_25,CPU_USAGE_26,CPU_USAGE_27,CPU_USAGE_28,CPU_USAGE_29,CPU_USAGE_3,CPU_USAGE_30,CPU_USAGE_31,CPU_USAGE_4,CPU_USAGE_5,CPU_USAGE_6,CPU_USAGE_7,CPU_USAGE_8,CPU_USAGE_9,TOTAL_MEMORY,TOTAL_SWAP,USED_MEMORY,USED_SWAP
0,1759350744248,2505.416015625,8800,1,0.8,1128.8853302001953,8800,1,0.8,1420.6837921142578,8800,1,0.8,2031.9800567626953,8800,1,0.8,1602.4369659423828,8800,1,0.8,1184.8316802978516,8800,1,0.8,1119.2215270996094,8800,1,0.8,1230.1088409423828,8800,1,0.8,1172.1083221435547,8800,1,0.8,1210.959243774414,8800,1,0.8,1287.1924438476563,8800,1,0.8,1454.9567565917969,8800,1,0.8,2245.40087890625,8800,1,0.8,1404.6297912597656,8800,1,0.8,5442.0506591796875,8800,1,0.8,1124.9148864746094,8800,1,0.8,249644.7974395752,2961,2948,3024,3023,3019,3023,3021,3023,2984,2957,2948,4691,2982,2945,5378,2960,2930,3020,3024,3021,3021,3022,3024,3708,3022,3023,2941,5280,2989,2939,3024,3020,0,9.090909004211426,4.761904716491699,0,4.545454502105713,0,4.761904716491699,4.761904716491699,0,4.761904716491699,4.545454502105713,0,0,4.545454502105713,4.761904716491699,4.761904716491699,8.69565200805664,0,4.545454502105713,4.761904716491699,0,4.761904716491699,0,4.761904716491699,0,4.545454502105713,0,4.545454502105713,4.545454502105713,4.761904716491699,8.69565200805664,4.761904716491699,98726334464,2147479552,3931676672,0
99,1759350744248,2505.4160766601563,8800,1,0.8,1128.8853454589844,8800,1,0.8,1420.6838073730469,8800,1,0.8,2031.9800720214844,8800,1,0.8,1602.4402770996094,8800,1,0.8,1184.8316955566406,8800,1,0.8,1119.2215423583984,8800,1,0.8,1230.108871459961,8800,1,0.8,1172.1083374023438,8800,1,0.8,1210.9593963623047,8800,1,0.8,1287.1940002441406,8800,1,0.8,1454.956771850586,8800,1,0.8,2245.400894165039,8800,1,0.8,1404.6298065185547,8800,1,0.8,5442.050674438477,8800,1,0.8,1124.9149017333984,8800,1,0.8,249644.86727905273,2961,2948,3024,3023,3019,3023,3021,3023,2984,2957,2948,4691,2982,2945,5378,2960,2930,3020,3024,3021,3021,3022,3024,3708,3022,3023,2941,5280,2989,2939,3024,3020,0,9.090909004211426,4.761904716491699,0,4.545454502105713,0,4.761904716491699,4.761904716491699,0,4.761904716491699,4.545454502105713,0,0,4.545454502105713,4.761904716491699,4.761904716491699,8.69565200805664,0,4.545454502105713,4.761904716491699,0,4.761904716491699,0,4.761904716491699,0,4.545454502105713,0,4.545454502105713,4.545454502105713,4.761904716491699,8.69565200805664,4.761904716491699,98726334464,2147479552,3931836416,0
99,1759350744348,2505.880615234375,4800,0,0.17500000000000004,1129.2591552734375,3300,0,0.17500000000000004,1421.0717163085938,3300,0,0.17500000000000004,2032.381332397461,3300,0,0.17500000000000004,1602.8497924804688,3300,0,0.17500000000000004,1185.2335052490234,3300,0,0.17500000000000004,1119.7059020996094,3300,0,0.17500000000000004,1230.5476837158203,4800,0,0.17500000000000004,1172.5615692138672,4800,0,0.17500000000000004,1211.3835754394531,4800,0,0.17500000000000004,1287.6538696289063,4800,0,0.17500000000000004,1455.4376373291016,4800,0,0.17500000000000004,2246.2657318115234,4800,0,0.17500000000000004,1405.0806274414063,4800,0,0.17500000000000004,5442.467529296875,3300,0,0.17500000000000004,1125.3031005859375,3300,0,0.17500000000000004,249655.64477539063,2961,2948,3024,3023,3019,3023,3021,3023,2984,2957,2948,4691,2982,2945,5378,2960,2930,3020,3024,3021,3021,3022,3024,3708,3022,3023,2941,5280,2989,2939,3024,3020,0,9.090909004211426,4.761904716491699,0,4.545454502105713,0,4.761904716491699,4.761904716491699,0,4.761904716491699,4.545454502105713,0,0,4.545454502105713,4.761904716491699,4.761904716491699,8.69565200805664,0,4.545454502105713,4.761904716491699,0,4.761904716491699,0,4.761904716491699,0,4.545454502105713,0,4.545454502105713,4.545454502105713,4.761904716491699,8.69565200805664,4.761904716491699,98726334464,2147479552,3979001856,0
99,1759350744449,2505.980712890625,4100,1,0.16249999999999987,1129.3424224853516,20800,1,0.16249999999999987,1421.1550903320313,20800,1,0.16874999999999996,2032.4596710205078,20800,1,0.16874999999999996,1602.929702758789,20800,1,0.16874999999999996,1185.311996459961,20800,1,0.16874999999999996,1119.7843627929688,20800,1,0.16874999999999996,1230.6528930664063,4100,1,0.16249999999999987,1172.6636199951172,4100,1,0.16249999999999987,1211.4839630126953,4100,1,0.16249999999999987,1287.7579956054688,4100,1,0.16249999999999987,1455.538330078125,4100,1,0.16249999999999987,2247.8618774414063,4100,0,0.16249999999999987,1405.1816864013672,4100,1,0.16249999999999987,5442.550643920898,20800,1,0.16249999999999987,1125.3858184814453,20800,1,0.16249999999999987,249663.0197906494,2961,2948,3024,3023,3019,3023,3021,3023,2984,2957,2948,4691,2982,2945,5378,2960,2930,3020,3024,3021,3021,3022,3024,3708,3022,3023,2941,5280,2989,2939,3024,3020,30.000001907348633,30.000001907348633,30.000001907348633,30.000001907348633,30.000001907348633,30.000001907348633,30.000001907348633,33.333335876464844,33.333335876464844,30.000001907348633,30.000001907348633,30.000001907348633,30.000001907348633,30.000001907348633,28.571430206298828,30.000001907348633,30.000001907348633,30.000001907348633,30.000001907348633,30.000001907348633,30.000001907348633,30.000001907348633,30.000001907348633,30.000001907348633,30.000001907348633,30.000001907348633,30.000001907348633,30.000001907348633,85,30.000001907348633,30.000001907348633,30.000001907348633,98726334464,2147479552,4010897408,0
99,1759350744549,2505.988998413086,4050,1,0.16249999999999987,1129.3487854003906,20800,1,0.16249999999999987,1421.1613006591797,20800,1,0.16249999999999987,2032.465805053711,20800,1,0.16249999999999987,1602.9358367919922,20800,1,0.16249999999999987,1185.318130493164,20800,1,0.16249999999999987,1119.7904968261719,20800,1,0.16249999999999987,1230.6650085449219,4050,1,0.16249999999999987,1172.6729888916016,4050,1,0.16249999999999987,1211.4919891357422,4050,1,0.16249999999999987,1287.7672882080078,4050,1,0.16249999999999987,1455.5460205078125,4050,1,0.16249999999999987,2249.4605255126953,4050,0,0.16249999999999987,1405.20263671875,4050,0,0.16249999999999987,5442.557052612305,20800,1,0.16249999999999987,1125.3922882080078,20800,1,0.16249999999999987,249669.31057739258,2961,2948,3024,3023,3019,3023,3021,3023,2984,2957,2948,4691,2982,2945,5378,2960,2930,3020,3024,3021,3021,3022,3024,3708,3022,3023,2941,5280,2989,2939,3024,3020,30.000001907348633,30.000001907348633,30.000001907348633,30.000001907348633,30.000001907348633,30.000001907348633,30.000001907348633,33.333335876464844,33.333335876464844,30.000001907348633,30.000001907348633,30.000001907348633,30.000001907348633,30.000001907348633,28.571430206298828,30.000001907348633,30.000001907348633,30.000001907348633,30.000001907348633,30.000001907348633,30.000001907348633,30.000001907348633,30.000001907348633,30.000001907348633,30.000001907348633,30.000001907348633,30.000001907348633,30.000001907348633,85,30.000001907348633,30.000001907348633,30.000001907348633,98726334464,2147479552,4010917888,0
99,1759350744649,2506.002243041992,3950,1,0.16874999999999996,1129.355239868164,20800,1,0.16874999999999996,1421.1675872802734,20800,1,0.16874999999999996,2032.472427368164,20800,1,0.16874999999999996,1602.9420166015625,20800,1,0.16874999999999996,1185.325454711914,20800,1,0.16874999999999996,1119.7966766357422,20800,1,0.16874999999999996,1230.6793975830078,3950,1,0.16874999999999996,1172.6836547851563,3950,1,0.16874999999999996,1211.510498046875,3950,1,0.16874999999999996,1287.783432006836,3950,1,0.16874999999999996,1455.5586700439453,3950,1,0.16874999999999996,2251.106430053711,3950,0,0.16874999999999996,1405.238052368164,3950,0,0.16874999999999996,5442.568115234375,20800,1,0.16874999999999996,1125.398666381836,20800,1,0.16874999999999996,249675.75604248047,2961,2948,3024,3023,3019,3023,3021,3023,2984,2957,2948,4691,2982,2945,5378,2960,2930,3020,3024,3021,3021,3022,3024,3708,3022,3023,2941,5280,2989,2939,3024,3020,0,0,0,0,0,0,0,0,0,4.761904716491699,0,0,0,0,0,0,0,0,0,0,0,0,0,0,0,0,0,0,100,0,0,0,98726334464,2147479552,4010864640,0
99,1759350744749,2506.010299682617,3900,1,0.16874999999999996,1129.3616790771484,20800,1,0.16874999999999996,1421.1742248535156,20800,1,0.16874999999999996,2032.4791259765625,20800,1,0.16874999999999996,1602.9481964111328,20800,1,0.16874999999999996,1185.3318939208984,20800,1,0.16874999999999996,1119.8028564453125,20800,1,0.16874999999999996,1230.6888580322266,3900,1,0.16874999999999996,1172.6941680908203,3900,1,0.16874999999999996,1211.5192413330078,3900,1,0.16874999999999996,1287.792709350586,3900,1,0.16874999999999996,1455.5665740966797,3900,1,0.16874999999999996,2252.796188354492,3900,0,0.16874999999999996,1405.2579345703125,3900,0,0.16874999999999996,5442.574768066406,20800,1,0.16874999999999996,1125.4053802490234,20800,1,0.16874999999999996,249682.16787719727,2961,2948,3024,3023,3019,3023,3021,3023,2984,2957,2948,4691,2982,2945,5378,2960,2930,3020,3024,3021,3021,3022,3024,3708,3022,3023,2941,5280,2989,2939,3024,3020,0,0,0,0,0,0,0,0,0,4.761904716491699,0,0,0,0,0,0,0,0,0,0,0,0,0,0,0,0,0,0,100,0,0,0,98726334464,2147479552,4010795008,0
99,1759350744849,2506.018356323242,3900,1,0.16249999999999987,1129.3680725097656,20800,1,0.16874999999999996,1421.1805877685547,20800,1,0.16874999999999996,2032.4853210449219,20800,1,0.16874999999999996,1602.9543762207031,20800,1,0.16874999999999996,1185.3380584716797,20800,1,0.16874999999999996,1119.8090362548828,20800,1,0.16874999999999996,1230.6981658935547,3900,1,0.16249999999999987,1172.7029266357422,3950,1,0.16249999999999987,1211.527572631836,3950,1,0.16249999999999987,1287.8021697998047,3950,1,0.16874999999999996,1455.5745086669922,3950,1,0.16874999999999996,2254.510543823242,3950,0,0.16874999999999996,1405.2766571044922,3950,0,0.16874999999999996,5442.5811767578125,20800,1,0.16874999999999996,1125.4121398925781,20800,1,0.16874999999999996,249688.5874633789,2961,2948,3024,3023,3019,3023,3021,3023,2984,2957,2948,4691,2982,2945,5378,2960,2930,3020,3024,3021,3021,3022,3024,3708,3022,3023,2941,5280,2989,2939,3024,3020,0,0,0,0,0,0,0,0,0,0,0,0,0,0,0,0,0,0,0,0,0,0,0,0,0,0,0,0,100,0,0,0,98726334464,2147479552,4010876928,0
99,1759350744949,2506.026565551758,3900,1,0.16874999999999996,1129.3744659423828,20800,1,0.16874999999999996,1421.1868896484375,20800,1,0.16874999999999996,2032.4914855957031,20800,1,0.16874999999999996,1602.9605560302734,20800,1,0.16874999999999996,1185.344223022461,20800,1,0.16874999999999996,1119.8152160644531,20800,1,0.16874999999999996,1230.7070617675781,3900,1,0.16874999999999996,1172.7146759033203,3900,1,0.16874999999999996,1211.535873413086,3900,1,0.16874999999999996,1287.8114471435547,3900,1,0.16874999999999996,1455.58447265625,3900,1,0.16874999999999996,2256.2305297851563,3900,0,0.16874999999999996,1405.297592163086,3900,0,0.16874999999999996,5442.587600708008,20800,1,0.16874999999999996,1125.4185333251953,20800,1,0.16874999999999996,249695.01127624512,2961,2948,3024,3023,3019,3023,3021,3023,2984,2957,2948,4691,2982,2945,5378,2960,2930,3020,3024,3021,3021,3022,3024,3708,3022,3023,2941,5280,2989,2939,3024,3020,0,0,0,0,0,0,0,0,0,0,0,0,0,0,0,0,0,0,0,0,0,0,0,0,0,0,0,0,100,0,0,0,98726334464,2147479552,4010938368,0
99,1759350745049,2506.035659790039,3900,1,0.16874999999999996,1129.3817138671875,20800,1,0.16874999999999996,1421.1931762695313,20800,1,0.16874999999999996,2032.4978942871094,20800,1,0.16874999999999996,1602.9669036865234,20800,1,0.16874999999999996,1185.3506774902344,20800,1,0.16874999999999996,1119.8253173828125,20800,1,0.16874999999999996,1230.7159118652344,3900,1,0.16874999999999996,1172.7243041992188,3900,1,0.16874999999999996,1211.5447998046875,3900,1,0.16874999999999996,1287.8282318115234,3900,1,0.16874999999999996,1455.5922241210938,3900,1,0.16874999999999996,2257.9534301757813,3900,0,0.16874999999999996,1405.321304321289,3900,1,0.16874999999999996,5442.594009399414,20800,1,0.16874999999999996,1125.4248809814453,20800,1,0.16874999999999996,249701.46041870117,2961,2948,3024,3023,3019,3023,3021,3023,2984,2957,2948,4691,2982,2945,5378,2960,2930,3020,3024,3021,3021,3022,3024,3708,3022,3023,2941,5280,2989,2939,3024,3020,0,0,0,0,0,0,0,0,0,0,0,0,0,0,0,0,0,0,0,0,0,0,0,0,0,0,0,0,100,0,0,0,98726334464,2147479552,4011139072,0
99,1759350745149,2506.043701171875,3900,1,0.16249999999999987,1129.3881530761719,20800,1,0.16249999999999987,1421.199462890625,20800,1,0.16249999999999987,2032.5040588378906,20800,1,0.16249999999999987,1602.9733123779297,20800,1,0.16249999999999987,1185.3568572998047,20800,1,0.16249999999999987,1119.8315124511719,20800,1,0.16249999999999987,1230.7244262695313,3900,1,0.16249999999999987,1172.7351379394531,3900,1,0.16249999999999987,1211.5531463623047,3900,1,0.16249999999999987,1287.8374328613281,3900,1,0.16249999999999987,1455.5999145507813,3900,1,0.16249999999999987,2259.6817626953125,3900,0,0.16249999999999987,1405.3438415527344,3900,1,0.16249999999999987,5442.600448608398,20800,1,0.16249999999999987,1125.4312438964844,20800,1,0.16249999999999987,249707.89004516602,2961,2948,3024,3023,3019,3023,3021,3023,2984,2957,2948,4691,2982,2945,5378,2960,2930,3020,3024,3021,3021,3022,3024,3708,3022,3023,2941,5280,2989,2939,3024,3020,0,0,0,0,0,0,0,0,0,0,0,0,0,0,0,0,0,0,0,0,0,0,0,0,0,0,0,0,100,0,0,0,98726334464,2147479552,4011151360,0
99,1759350745249,2506.0533142089844,3900,1,0.16249999999999987,1129.3945007324219,20800,1,0.16249999999999987,1421.2058410644531,20800,1,0.16249999999999987,2032.510238647461,20800,1,0.16249999999999987,1602.979476928711,20800,1,0.16249999999999987,1185.363021850586,20800,1,0.16249999999999987,1119.8376922607422,20800,1,0.16249999999999987,1230.7346801757813,3900,1,0.16249999999999987,1172.7530059814453,3900,1,0.16249999999999987,1211.5747375488281,3900,1,0.16249999999999987,1287.849136352539,3900,1,0.16249999999999987,1455.6091918945313,3900,1,0.16249999999999987,2261.396957397461,3900,0,0.16249999999999987,1405.3836822509766,3900,1,0.16249999999999987,5442.610809326172,20800,1,0.16249999999999987,1125.4375610351563,20800,1,0.16249999999999987,249714.36207580566,2961,2948,3024,3023,3019,3023,3021,3023,2984,2957,2948,4691,2982,2945,5378,2960,2930,3020,3024,3021,3021,3022,3024,3708,3022,3023,2941,5280,2989,2939,3024,3020,0,0,0,0,0,0,0,0,0,0,0,0,0,0,0,0,0,0,0,0,0,0,0,0,0,0,0,0,100,0,0,0,98726334464,2147479552,4011192320,0
99,1759350745349,2506.061737060547,3900,1,0.16874999999999996,1129.401107788086,20800,1,0.16874999999999996,1421.2123107910156,20800,1,0.16874999999999996,2032.5166320800781,20800,1,0.16874999999999996,1602.9902038574219,20800,1,0.16874999999999996,1185.3737487792969,20800,1,0.16874999999999996,1119.8484191894531,20800,1,0.16874999999999996,1230.7460021972656,3900,1,0.16874999999999996,1172.7622985839844,3900,1,0.16874999999999996,1211.5832824707031,3900,1,0.16874999999999996,1287.8587341308594,3900,1,0.16874999999999996,1455.6170806884766,3900,1,0.16874999999999996,2263.1336364746094,3900,0,0.16874999999999996,1405.4163970947266,3900,1,0.16874999999999996,5442.617370605469,20800,1,0.16874999999999996,1125.4441528320313,20800,1,0.16874999999999996,249720.78387451172,2961,2948,3024,3023,3019,3023,3021,3023,2984,2957,2948,4691,2982,2945,5378,2960,2930,3020,3024,3021,3021,3022,3024,3708,3022,3023,2941,5280,2989,2939,3024,3020,0,0,0,0,0,0,0,0,0,0,0,0,0,0,0,0,0,0,0,0,0,0,0,0,0,0,0,0,100,0,0,0,98726334464,2147479552,4012781568,0
99,1759350745449,2506.069778442383,3900,1,0.16874999999999996,1129.4076080322266,20800,1,0.16874999999999996,1421.2186126708984,20800,1,0.16874999999999996,2032.5228118896484,20800,1,0.16874999999999996,1602.9963989257813,20800,1,0.16874999999999996,1185.3799285888672,20800,1,0.16874999999999996,1119.8545989990234,20800,1,0.16874999999999996,1230.7554016113281,3900,1,0.16874999999999996,1172.7713165283203,3900,1,0.16874999999999996,1211.5915832519531,3900,1,0.16874999999999996,1287.8680267333984,3900,1,0.16874999999999996,1455.6248321533203,3900,1,0.16874999999999996,2264.871047973633,3900,0,0.16874999999999996,1405.4474029541016,3900,1,0.16874999999999996,5442.62370300293,20800,1,0.16874999999999996,1125.450698852539,20800,1,0.16874999999999996,249727.25520324707,2961,2948,3024,3023,3019,3023,3021,3023,2984,2957,2948,4691,2982,2945,5378,2960,2930,3020,3024,3021,3021,3022,3024,3708,3022,3023,2941,5280,2989,2939,3024,3020,0,0,0,0,0,0,0,0,0,4.761904716491699,0,0,0,0,0,0,0,0,0,0,0,0,0,0,0,0,0,0,100,0,0,0,98726334464,2147479552,4012822528,0
99,1759350745549,2506.0775451660156,3900,1,0.16874999999999996,1129.4139251708984,20800,1,0.16874999999999996,1421.2248992919922,20800,1,0.16874999999999996,2032.5288391113281,20800,1,0.16874999999999996,1603.0071716308594,20800,1,0.16874999999999996,1185.3860778808594,20800,1,0.16874999999999996,1119.8607788085938,20800,1,0.16874999999999996,1230.7643127441406,3900,1,0.16874999999999996,1172.7822570800781,3900,1,0.16874999999999996,1211.5999908447266,3950,1,0.16874999999999996,1287.8773193359375,3950,1,0.16874999999999996,1455.632583618164,3950,1,0.16874999999999996,2266.6109008789063,3950,0,0.16874999999999996,1405.4778747558594,3950,1,0.16874999999999996,5442.6300048828125,20800,1,0.16874999999999996,1125.4570770263672,20800,1,0.16874999999999996,249733.71197509766,2961,2948,3024,3023,3019,3023,3021,3023,2984,2957,2948,4691,2982,2945,5378,2960,2930,3020,3024,3021,3021,3022,3024,3708,3022,3023,2941,5280,2989,2939,3024,3020,0,0,0,0,0,0,0,0,0,4.761904716491699,0,0,0,0,0,0,0,0,0,0,0,0,0,0,0,0,0,0,100,0,0,0,98726334464,2147479552,4012838912,0
99,1759350745649,2506.0853271484375,3900,1,0.16249999999999987,1129.4203491210938,20800,1,0.16874999999999996,1421.2313079833984,20800,1,0.16874999999999996,2032.5353088378906,20800,1,0.16874999999999996,1603.0133666992188,20800,1,0.16874999999999996,1185.3968658447266,20800,1,0.16874999999999996,1119.8669738769531,20800,1,0.16874999999999996,1230.7727813720703,3900,1,0.16249999999999987,1172.7911529541016,3900,1,0.16249999999999987,1211.6082916259766,3900,1,0.16249999999999987,1287.8866119384766,3900,1,0.16249999999999987,1455.6403350830078,3900,1,0.16249999999999987,2268.353240966797,3900,0,0.16249999999999987,1405.5069274902344,3900,1,0.16249999999999987,5442.636260986328,20800,1,0.16874999999999996,1125.4634704589844,20800,1,0.16874999999999996,249740.1671295166,2961,2948,3024,3023,3019,3023,3021,3023,2984,2957,2948,4691,2982,2945,5378,2960,2930,3020,3024,3021,3021,3022,3024,3708,3022,3023,2941,5280,2989,2939,3024,3020,0,0,0,0,0,0,0,0,0,0,0,0,0,0,0,0,0,0,0,0,0,0,0,0,0,0,0,0,100,0,0,0,98726334464,2147479552,4012875776,0
99,1759350745749,2506.093276977539,3900,1,0.16874999999999996,1129.4266052246094,20800,1,0.16874999999999996,1421.238784790039,20800,1,0.16874999999999996,2032.541763305664,20800,1,0.16874999999999996,1603.0243377685547,20800,1,0.16874999999999996,1185.4032592773438,20800,1,0.16874999999999996,1119.8731384277344,20800,1,0.16874999999999996,1230.7818756103516,3900,1,0.16874999999999996,1172.7996978759766,3900,1,0.16874999999999996,1211.6163787841797,3900,1,0.16874999999999996,1287.8958129882813,3900,1,0.16874999999999996,1455.6481018066406,3900,1,0.16874999999999996,2270.096206665039,3900,0,0.16874999999999996,1405.5406188964844,3900,1,0.16874999999999996,5442.642486572266,20800,1,0.16874999999999996,1125.4698333740234,20800,1,0.16874999999999996,249746.6219482422,2961,2948,3024,3023,3019,3023,3021,3023,2984,2957,2948,4691,2982,2945,5378,2960,2930,3020,3024,3021,3021,3022,3024,3708,3022,3023,2941,5280,2989,2939,3024,3020,0,0,0,0,0,0,0,0,0,0,0,0,0,0,0,0,0,0,0,0,0,0,0,0,0,0,0,0,100,0,0,0,98726334464,2147479552,4012888064,0
99,1759350745849,2506.108108520508,3900,1,0.16249999999999987,1129.4329681396484,20800,1,0.16249999999999987,1421.2450714111328,20800,1,0.16249999999999987,2032.5480041503906,20800,1,0.16874999999999996,1603.030517578125,20800,1,0.16874999999999996,1185.409408569336,20800,1,0.16874999999999996,1119.8793029785156,20800,1,0.16874999999999996,1230.7920684814453,3900,1,0.16249999999999987,1172.8140869140625,3900,1,0.16249999999999987,1211.6396484375,3900,1,0.16249999999999987,1287.9075164794922,3900,1,0.16249999999999987,1455.6562957763672,3900,1,0.16249999999999987,2271.8263092041016,3900,0,0.16249999999999987,1405.5770568847656,3900,1,0.16249999999999987,5442.64892578125,20800,1,0.16249999999999987,1125.4761810302734,20800,1,0.16249999999999987,249753.13204956055,2961,2948,3024,3023,3019,3023,3021,3023,2984,2957,2948,4691,2982,2945,5378,2960,2930,3020,3024,3021,3021,3022,3024,3708,3022,3023,2941,5280,2989,2939,3024,3020,0,0,0,0,0,0,0,0,0,0,0,4.761904716491699,0,0,0,0,0,0,0,0,0,0,0,0,0,0,0,0,100,0,0,0,98726334464,2147479552,4012929024,0
99,1759350745949,2506.1161346435547,3900,1,0.16249999999999987,1129.4396667480469,20800,1,0.16249999999999987,1421.2513275146484,20800,1,0.16249999999999987,2032.5541229248047,20800,1,0.16249999999999987,1603.0366516113281,20800,1,0.16249999999999987,1185.4155883789063,20800,1,0.16249999999999987,1119.885498046875,20800,1,0.16249999999999987,1230.8018341064453,3900,1,0.16249999999999987,1172.8231353759766,3900,1,0.16249999999999987,1211.64794921875,3900,1,0.16249999999999987,1287.9173889160156,3900,1,0.16249999999999987,1455.6643524169922,3900,1,0.16249999999999987,2273.5760650634766,3900,0,0.16249999999999987,1405.602554321289,3900,1,0.16249999999999987,5442.655319213867,20800,1,0.16249999999999987,1125.482666015625,20800,1,0.16249999999999987,249759.58212280273,2961,2948,3024,3023,3019,3023,3021,3023,2984,2957,2948,4691,2982,2945,5378,2960,2930,3020,3024,3021,3021,3022,3024,3708,3022,3023,2941,5280,2989,2939,3024,3020,0,0,0,0,0,0,0,0,0,0,0,4.761904716491699,0,0,0,0,0,0,0,0,0,0,0,0,0,0,0,0,100,0,0,0,98726334464,2147479552,4012941312,0
99,1759350746049,2506.1241607666016,3900,1,0.16249999999999987,1129.446273803711,20800,1,0.16249999999999987,1421.2576141357422,20800,1,0.16249999999999987,2032.5601959228516,20800,1,0.16249999999999987,1603.0428314208984,20800,1,0.16249999999999987,1185.4216613769531,20800,1,0.16249999999999987,1119.8916015625,20800,1,0.16249999999999987,1230.810317993164,3900,1,0.16249999999999987,1172.8323822021484,3900,1,0.16249999999999987,1211.656234741211,3900,1,0.16249999999999987,1287.9269104003906,3900,1,0.16249999999999987,1455.672103881836,3900,1,0.16249999999999987,2275.3232421875,3900,0,0.16249999999999987,1405.6286315917969,3900,1,0.16249999999999987,5442.661758422852,20800,1,0.16249999999999987,1125.4891204833984,20800,1,0.16249999999999987,249765.95973205566,2961,2948,3024,3023,3019,3023,3021,3023,2984,2957,2948,4691,2982,2945,5378,2960,2930,3020,3024,3021,3021,3022,3024,3708,3022,3023,2941,5280,2989,2939,3024,3020,0,0,0,0,0,0,0,0,0,0,0,0,0,0,0,0,0,0,0,0,0,0,0,0,0,0,0,0,100,0,0,0,98726334464,2147479552,4012978176,0
99,1759350746150,2506.1336212158203,3850,1,0.16874999999999996,1129.4539031982422,20800,1,0.16874999999999996,1421.2660827636719,20800,1,0.16874999999999996,2032.593765258789,20800,1,0.16874999999999996,1603.0505828857422,20800,1,0.16874999999999996,1185.432846069336,20800,1,0.16874999999999996,1119.8992767333984,20800,1,0.16874999999999996,1230.830322265625,3850,1,0.16874999999999996,1172.8433380126953,3850,1,0.16874999999999996,1211.6666412353516,3850,1,0.16874999999999996,1287.9381866455078,3850,1,0.16874999999999996,1455.6818237304688,3850,1,0.16874999999999996,2277.4596252441406,3850,0,0.16874999999999996,1405.6620025634766,3850,1,0.16874999999999996,5442.669677734375,20800,1,0.16874999999999996,1125.5012664794922,20800,1,0.16874999999999996,249773.89924621582,2961,2948,3024,3023,3019,3023,3021,3023,2984,2957,2948,4691,2982,2945,5378,2960,2930,3020,3024,3021,3021,3022,3024,3708,3022,3023,2941,5280,2989,2939,3024,3020,0,0,0,0,0,0,0,0,0,0,0,0,0,0,0,0,0,0,0,0,0,0,0,0,0,0,0,0,100,0,0,0,98726334464,2147479552,4012990464,0
99,1759350746250,2506.1398315429688,3950,1,0.16249999999999987,1129.4589080810547,20800,1,0.16874999999999996,1421.2710571289063,20800,1,0.16874999999999996,2032.5986022949219,20800,1,0.16874999999999996,1603.055419921875,20800,1,0.16874999999999996,1185.4376220703125,20800,1,0.16874999999999996,1119.9040985107422,20800,1,0.16874999999999996,1230.8374328613281,3950,1,0.16874999999999996,1172.8518829345703,3950,1,0.16874999999999996,1211.6732635498047,3950,1,0.16874999999999996,1287.9454498291016,3950,1,0.16874999999999996,1455.6878967285156,3950,1,0.16874999999999996,2278.8272857666016,3950,0,0.16874999999999996,1405.6767578125,3950,1,0.16874999999999996,5442.674667358398,20800,1,0.16874999999999996,1125.50634765625,20800,1,0.16874999999999996,249778.90307617188,2961,2948,3024,3023,3019,3023,3021,3023,2984,2957,2948,4691,2982,2945,5378,2960,2930,3020,3024,3021,3021,3022,3024,3708,3022,3023,2941,5280,2989,2939,3024,3020,0,0,0,0,0,0,0,0,0,0,0,0,0,0,0,0,0,0,0,0,0,0,0,0,0,0,0,0,100,0,0,0,98726334464,2147479552,4013035520,0
99,1759350746350,2506.1480407714844,3850,1,0.16249999999999987,1129.4652252197266,20800,1,0.17500000000000004,1421.277359008789,20800,1,0.17500000000000004,2032.6047973632813,20800,1,0.17500000000000004,1603.0615997314453,20800,1,0.17500000000000004,1185.4437561035156,20800,1,0.17500000000000004,1119.9102783203125,20800,1,0.17500000000000004,1230.8468170166016,3850,1,0.16249999999999987,1172.8678436279297,3850,1,0.16249999999999987,1211.6817321777344,3850,1,0.16249999999999987,1287.9547271728516,3850,1,0.16249999999999987,1455.6956634521484,3850,1,0.16249999999999987,2280.5840911865234,3850,0,0.16249999999999987,1405.706039428711,3850,1,0.16249999999999987,5442.680877685547,20800,1,0.17500000000000004,1125.5128479003906,20800,1,0.17500000000000004,249785.35577392578,2961,2948,3024,3023,3019,3023,3021,3023,2984,2957,2948,4691,2982,2945,5378,2960,2930,3020,3024,3021,3021,3022,3024,3708,3022,3023,2941,5280,2989,2939,3024,3020,0,0,0,0,0,0,0,0,0,0,0,0,0,0,0,0,0,0,0,0,0,0,0,0,0,0,0,0,100,0,0,0,98726334464,2147479552,4012937216,0
99,1759350746450,2506.1566314697266,3900,1,0.16874999999999996,1129.4718322753906,20800,1,0.16249999999999987,1421.283706665039,20800,1,0.16249999999999987,2032.6108703613281,20800,1,0.16249999999999987,1603.0677795410156,20800,1,0.16249999999999987,1185.4498596191406,20800,1,0.16249999999999987,1119.9164581298828,20800,1,0.16249999999999987,1230.8597869873047,3900,1,0.16874999999999996,1172.8806915283203,3900,1,0.16874999999999996,1211.707046508789,3900,1,0.16874999999999996,1287.9695739746094,3900,1,0.16874999999999996,1455.7136993408203,3900,1,0.16874999999999996,2282.3409576416016,3900,0,0.16874999999999996,1405.7302703857422,3900,1,0.16874999999999996,5442.6871337890625,20800,1,0.16249999999999987,1125.519287109375,20800,1,0.16249999999999987,249791.84120178223,2961,2948,3024,3023,3019,3023,3021,3023,2984,2957,2948,4691,2982,2945,5378,2960,2930,3020,3024,3021,3021,3022,3024,3708,3022,3023,2941,5280,2989,2939,3024,3020,0,0,0,0,0,0,0,0,0,0,4.761904716491699,0,0,0,0,0,0,0,0,0,0,0,0,0,0,0,0,0,100,0,0,0,98726334464,2147479552,4013084672,0
99,1759350746550,2506.1644592285156,3850,1,0.16249999999999987,1129.4781036376953,20800,1,0.16249999999999987,1421.2900085449219,20800,1,0.16249999999999987,2032.6170501708984,20800,1,0.16249999999999987,1603.073959350586,20800,1,0.16249999999999987,1185.4559936523438,20800,1,0.17500000000000004,1119.9226379394531,20800,1,0.17500000000000004,1230.8690643310547,3850,1,0.16249999999999987,1172.8951416015625,3850,1,0.16249999999999987,1211.7151947021484,3850,1,0.16249999999999987,1287.978759765625,3850,1,0.16249999999999987,1455.7213745117188,3850,1,0.16249999999999987,2284.0831756591797,3850,0,0.16249999999999987,1405.750259399414,3850,1,0.16249999999999987,5442.693389892578,20800,1,0.16249999999999987,1125.5257415771484,20800,1,0.16249999999999987,249798.29287719727,2961,2948,3024,3023,3019,3023,3021,3023,2984,2957,2948,4691,2982,2945,5378,2960,2930,3020,3024,3021,3021,3022,3024,3708,3022,3023,2941,5280,2989,2939,3024,3020,0,0,0,0,0,0,0,0,0,0,4.761904716491699,0,0,0,0,0,0,0,0,0,0,0,0,0,0,0,0,0,100,0,0,0,98726334464,2147479552,4013096960,0
99,1759350746650,2506.1724700927734,3900,1,0.16249999999999987,1129.4842834472656,20800,1,0.16249999999999987,1421.2963256835938,20800,1,0.16249999999999987,2032.6233367919922,20800,1,0.16249999999999987,1603.0801391601563,20800,1,0.16249999999999987,1185.4620971679688,20800,1,0.16249999999999987,1119.9288330078125,20800,1,0.16249999999999987,1230.8776092529297,3900,1,0.16249999999999987,1172.9039154052734,3900,1,0.16249999999999987,1211.7234954833984,3900,1,0.16249999999999987,1287.988052368164,3900,1,0.16249999999999987,1455.7291412353516,3900,1,0.16249999999999987,2285.842239379883,3900,0,0.16249999999999987,1405.7760162353516,3900,1,0.16249999999999987,5442.6995849609375,20800,1,0.16249999999999987,1125.5323333740234,20800,1,0.16249999999999987,249804.74668884277,2961,2948,3024,3023,3019,3023,3021,3023,2984,2957,2948,4691,2982,2945,5378,2960,2930,3020,3024,3021,3021,3022,3024,3708,3022,3023,2941,5280,2989,2939,3024,3020,0,0,0,0,0,0,0,0,0,0,0,0,0,0,0,0,0,0,0,0,0,0,0,0,0,0,0,0,100,0,0,0,98726334464,2147479552,4013137920,0
99,1759350746750,2506.180709838867,3900,1,0.16874999999999996,1129.490463256836,20800,1,0.16874999999999996,1421.304458618164,20800,1,0.16874999999999996,2032.6297454833984,20800,1,0.16874999999999996,1603.0862426757813,20800,1,0.16874999999999996,1185.4683990478516,20800,1,0.16874999999999996,1119.9349365234375,20800,1,0.16874999999999996,1230.886734008789,3900,1,0.16874999999999996,1172.9139099121094,3900,1,0.16874999999999996,1211.7318115234375,3900,1,0.16874999999999996,1287.997329711914,3900,1,0.16874999999999996,1455.7433013916016,3900,1,0.16874999999999996,2287.600326538086,3900,0,0.16874999999999996,1405.8013458251953,3900,1,0.16874999999999996,5442.705810546875,20800,1,0.16874999999999996,1125.5388641357422,20800,1,0.16874999999999996,249811.11056518555,2961,2948,3024,3023,3019,3023,3021,3023,2984,2957,2948,4691,2982,2945,5378,2960,2930,3020,3024,3021,3021,3022,3024,3708,3022,3023,2941,5280,2989,2939,3024,3020,0,0,0,0,0,0,0,0,0,0,0,0,0,0,0,0,0,0,0,0,0,0,0,0,0,0,0,0,100,0,0,0,98726334464,2147479552,4013150208,0
99,1759350746850,2506.1888580322266,3850,1,0.16874999999999996,1129.4967498779297,20800,1,0.16874999999999996,1421.310775756836,20800,1,0.16874999999999996,2032.6359100341797,20800,1,0.16874999999999996,1603.0924072265625,20800,1,0.16874999999999996,1185.4745025634766,20800,1,0.16874999999999996,1119.9411163330078,20800,1,0.16874999999999996,1230.8952026367188,3850,1,0.16874999999999996,1172.928955078125,3850,1,0.16874999999999996,1211.7401275634766,3850,1,0.16874999999999996,1288.006607055664,3850,1,0.16874999999999996,1455.7510528564453,3850,1,0.16874999999999996,2289.3604888916016,3850,0,0.16874999999999996,1405.831527709961,3850,1,0.16874999999999996,5442.712097167969,20800,1,0.16874999999999996,1125.5452575683594,20800,1,0.16874999999999996,249817.55419921875,2961,2948,3024,3023,3019,3023,3021,3023,2984,2957,2948,4691,2982,2945,5378,2960,2930,3020,3024,3021,3021,3022,3024,3708,3022,3023,2941,5280,2989,2939,3024,3020,0,0,0,0,0,0,0,0,0,0,0,0,0,0,0,0,0,0,0,0,0,0,0,0,0,0,0,0,100,0,0,0,98726334464,2147479552,4013195264,0
99,1759350746950,2506.1968688964844,3850,1,0.16249999999999987,1129.503158569336,20800,1,0.17500000000000004,1421.3170776367188,20800,1,0.17500000000000004,2032.6420288085938,20800,1,0.17500000000000004,1603.0985717773438,20800,1,0.17500000000000004,1185.4806671142578,20800,1,0.17500000000000004,1119.947280883789,20800,1,0.17500000000000004,1230.903549194336,3850,1,0.16249999999999987,1172.9379577636719,3900,1,0.16249999999999987,1211.748519897461,3900,1,0.16249999999999987,1288.015869140625,3900,1,0.17500000000000004,1455.758804321289,3900,1,0.17500000000000004,2291.1212463378906,3900,0,0.17500000000000004,1405.8607482910156,3900,1,0.17500000000000004,5442.718414306641,20800,1,0.17500000000000004,1125.5516662597656,20800,1,0.17500000000000004,249824.00303649902,2961,2948,3024,3023,3019,3023,3021,3023,2984,2957,2948,4691,2982,2945,5378,2960,2930,3020,3024,3021,3021,3022,3024,3708,3022,3023,2941,5280,2989,2939,3024,3020,0,0,0,0,0,0,0,0,0,0,0,0,0,0,0,0,0,0,0,0,0,0,0,0,0,0,0,0,100,0,0,0,98726334464,2147479552,4013244416,0
99,1759350747050,2506.224563598633,3850,1,0.16874999999999996,1129.5096282958984,20800,1,0.17500000000000004,1421.3233795166016,20800,1,0.17500000000000004,2032.653076171875,20800,1,0.17500000000000004,1603.1092224121094,20800,1,0.17500000000000004,1185.4912872314453,20800,1,0.17500000000000004,1119.953598022461,20800,1,0.17500000000000004,1230.9206848144531,3900,1,0.16874999999999996,1172.957275390625,3900,1,0.16874999999999996,1211.7783203125,3900,1,0.17500000000000004,1288.0401153564453,3900,1,0.17500000000000004,1455.7729949951172,3900,1,0.17500000000000004,2292.8770446777344,3900,0,0.17500000000000004,1405.8892211914063,3900,1,0.17500000000000004,5442.725494384766,20800,1,0.17500000000000004,1125.5582580566406,20800,1,0.17500000000000004,249830.55995178223,2961,2948,3024,3023,3019,3023,3021,3023,2984,2957,2948,4691,2982,2945,5378,2960,2930,3020,3024,3021,3021,3022,3024,3708,3022,3023,2941,5280,2989,2939,3024,3020,0,0,0,0,0,0,0,0,0,0,0,5,0,0,0,0,0,0,0,0,0,0,0,0,0,0,0,0,100,0,0,0,98726334464,2147479552,4013314048,0
99,1759350747150,2506.23291015625,3900,1,0.16874999999999996,1129.516128540039,20800,1,0.16874999999999996,1421.3297119140625,20800,1,0.16874999999999996,2032.6592712402344,20800,1,0.16874999999999996,1603.1154174804688,20800,1,0.16874999999999996,1185.4974822998047,20800,1,0.16874999999999996,1119.9597778320313,20800,1,0.16874999999999996,1230.929946899414,3900,1,0.16874999999999996,1172.9662017822266,3900,1,0.16874999999999996,1211.7871704101563,3900,1,0.16874999999999996,1288.0494079589844,3900,1,0.16874999999999996,1455.78076171875,3900,1,0.16874999999999996,2294.6366424560547,3900,0,0.16874999999999996,1405.9064025878906,3900,1,0.16874999999999996,5442.73210144043,20800,1,0.16874999999999996,1125.564682006836,20800,1,0.16874999999999996,249836.9741821289,2961,2948,3024,3023,3019,3023,3021,3023,2984,2957,2948,4691,2982,2945,5378,2960,2930,3020,3024,3021,3021,3022,3024,3708,3022,3023,2941,5280,2989,2939,3024,3020,0,0,0,0,0,0,0,0,0,0,0,5,0,0,0,0,0,0,0,0,0,0,0,0,0,0,0,0,100,0,0,0,98726334464,2147479552,4013260800,0
99,1759350747250,2506.2410736083984,3900,1,0.16874999999999996,1129.5225677490234,20800,1,0.16874999999999996,1421.3359985351563,20800,1,0.16874999999999996,2032.6654052734375,20800,1,0.16874999999999996,1603.121597290039,20800,1,0.16874999999999996,1185.5036315917969,20800,1,0.16874999999999996,1119.9659423828125,20800,1,0.16874999999999996,1230.9385375976563,3900,1,0.16874999999999996,1172.9803619384766,3900,1,0.16874999999999996,1211.7952575683594,3900,1,0.16874999999999996,1288.05859375,3900,1,0.16874999999999996,1455.7884521484375,3900,1,0.16874999999999996,2296.397735595703,3900,0,0.16874999999999996,1405.9265747070313,3900,1,0.16874999999999996,5442.738479614258,20800,1,0.16874999999999996,1125.5712127685547,20800,1,0.16874999999999996,249843.40560913086,2961,2948,3024,3023,3019,3023,3021,3023,2984,2957,2948,4691,2982,2945,5378,2960,2930,3020,3024,3021,3021,3022,3024,3708,3022,3023,2941,5280,2989,2939,3024,3020,0,0,0,0,0,0,0,0,0,0,0,0,0,0,0,0,0,0,0,0,0,0,0,0,0,0,0,0,100,0,0,0,98726334464,2147479552,4013178880,0
99,1759350747350,2506.2498931884766,3900,1,0.16249999999999987,1129.5289154052734,20800,1,0.16249999999999987,1421.3424072265625,20800,1,0.16249999999999987,2032.6724548339844,20800,1,0.16249999999999987,1603.1277618408203,20800,1,0.16249999999999987,1185.5097961425781,20800,1,0.16249999999999987,1119.9720916748047,20800,1,0.16249999999999987,1230.9496765136719,3900,1,0.16249999999999987,1172.9891357421875,3900,1,0.16249999999999987,1211.803955078125,3900,1,0.16249999999999987,1288.067886352539,3900,1,0.16249999999999987,1455.802963256836,3900,1,0.16249999999999987,2298.140365600586,3900,0,0.16249999999999987,1405.9446258544922,3900,1,0.16249999999999987,5442.7449951171875,20800,1,0.16249999999999987,1125.5780334472656,20800,1,0.16249999999999987,249849.8532562256,2961,2948,3024,3023,3019,3023,3021,3023,2984,2957,2948,4691,2982,2945,5378,2960,2930,3020,3024,3021,3021,3022,3024,3708,3022,3023,2941,5280,2989,2939,3024,3020,0,0,0,0,0,0,0,0,0,0,0,0,0,0,0,0,0,0,0,0,0,0,0,0,0,0,0,0,100,0,0,0,98726334464,2147479552,4013170688,0
99,1759350747450,2506.2578887939453,3850,1,0.16874999999999996,1129.535385131836,20800,1,0.16874999999999996,1421.3488159179688,20800,1,0.16874999999999996,2032.6785430908203,20800,1,0.16874999999999996,1603.1338653564453,20800,1,0.16874999999999996,1185.5159454345703,20800,1,0.16874999999999996,1119.9784545898438,20800,1,0.16874999999999996,1230.9582824707031,3850,1,0.16874999999999996,1172.9984283447266,3850,1,0.16874999999999996,1211.8123626708984,3850,1,0.16874999999999996,1288.077163696289,3850,1,0.16874999999999996,1455.8111114501953,3850,1,0.16874999999999996,2299.9024810791016,3850,0,0.16874999999999996,1405.9634704589844,3850,1,0.16874999999999996,5442.751388549805,20800,1,0.16874999999999996,1125.5845489501953,20800,1,0.16874999999999996,249856.31256103516,2961,2948,3024,3023,3019,3023,3021,3023,2984,2957,2948,4691,2982,2945,5378,2960,2930,3020,3024,3021,3021,3022,3024,3708,3022,3023,2941,5280,2989,2939,3024,3020,0,0,0,0,4.761904716491699,0,0,0,0,4.761904716491699,0,0,0,0,0,0,0,0,0,0,0,0,0,0,0,0,0,0,100,0,0,4.761904716491699,98726334464,2147479552,4013240320,0
99,1759350747550,2506.265899658203,3900,1,0.16874999999999996,1129.5418701171875,20800,1,0.16874999999999996,1421.3551330566406,20800,1,0.16874999999999996,2032.6847229003906,20800,1,0.16874999999999996,1603.1400451660156,20800,1,0.16874999999999996,1185.5220642089844,20800,1,0.16874999999999996,1119.984603881836,20800,1,0.16874999999999996,1230.967025756836,3900,1,0.16874999999999996,1173.0127716064453,3900,1,0.16874999999999996,1211.8206481933594,3900,1,0.16874999999999996,1288.086441040039,3900,1,0.16874999999999996,1455.818862915039,3900,1,0.16874999999999996,2301.665298461914,3900,0,0.16874999999999996,1405.9870910644531,3900,1,0.16874999999999996,5442.7578125,20800,1,0.16874999999999996,1125.591049194336,20800,1,0.16874999999999996,249862.6607055664,2961,2948,3024,3023,3019,3023,3021,3023,2984,2957,2948,4691,2982,2945,5378,2960,2930,3020,3024,3021,3021,3022,3024,3708,3022,3023,2941,5280,2989,2939,3024,3020,0,0,0,0,4.761904716491699,0,0,0,0,4.761904716491699,0,0,0,0,0,0,0,0,0,0,0,0,0,0,0,0,0,0,100,0,0,4.761904716491699,98726334464,2147479552,4013285376,0
99,1759350747650,2506.2743530273438,3850,1,0.16874999999999996,1129.5482940673828,20800,1,0.16874999999999996,1421.361557006836,20800,1,0.16874999999999996,2032.6908874511719,20800,1,0.16874999999999996,1603.1463623046875,20800,1,0.16874999999999996,1185.5283660888672,20800,1,0.16874999999999996,1119.9907836914063,20800,1,0.16874999999999996,1230.9759674072266,3850,1,0.16874999999999996,1173.0221252441406,3850,1,0.16874999999999996,1211.8504028320313,3850,1,0.16874999999999996,1288.1012420654297,3850,1,0.16874999999999996,1455.8311462402344,3850,1,0.16874999999999996,2303.4259643554688,3850,0,0.16874999999999996,1406.0163269042969,3850,1,0.16874999999999996,5442.764221191406,20800,1,0.16874999999999996,1125.5977783203125,20800,1,0.16874999999999996,249869.12115478516,2961,2948,3024,3023,3019,3023,3021,3023,2984,2957,2948,4691,2982,2945,5378,2960,2930,3020,3024,3021,3021,3022,3024,3708,3022,3023,2941,5280,2989,2939,3024,3020,0,4.761904716491699,0,0,0,0,0,0,0,0,0,0,0,0,0,0,0,0,0,0,0,0,0,0,0,0,0,0,100,0,0,0,98726334464,2147479552,4013350912,0
99,1759350747750,2506.2823791503906,3900,1,0.16874999999999996,1129.5547943115234,20800,1,0.16874999999999996,1421.371353149414,20800,1,0.16874999999999996,2032.6976165771484,20800,1,0.16874999999999996,1603.1526336669922,20800,1,0.16874999999999996,1185.534896850586,20800,1,0.16874999999999996,1119.9969787597656,20800,1,0.16874999999999996,1230.9854888916016,3900,1,0.16874999999999996,1173.0376281738281,3900,1,0.16874999999999996,1211.8588104248047,3900,1,0.16874999999999996,1288.1105194091797,3900,1,0.16874999999999996,1455.8388977050781,3900,1,0.16874999999999996,2305.1886138916016,3900,0,0.16874999999999996,1406.03857421875,3900,1,0.16874999999999996,5442.770660400391,20800,1,0.16874999999999996,1125.6042938232422,20800,1,0.16874999999999996,249875.57456970215,2961,2948,3024,3023,3019,3023,3021,3023,2984,2957,2948,4691,2982,2945,5378,2960,2930,3020,3024,3021,3021,3022,3024,3708,3022,3023,2941,5280,2989,2939,3024,3020,0,4.761904716491699,0,0,0,0,0,0,0,0,0,0,0,0,0,0,0,0,0,0,0,0,0,0,0,0,0,0,100,0,0,0,98726334464,2147479552,4013400064,0
99,1759350747850,2506.2911529541016,3850,1,0.16249999999999987,1129.561279296875,20800,1,0.16874999999999996,1421.377670288086,20800,1,0.16874999999999996,2032.7039031982422,20800,1,0.16874999999999996,1603.1588134765625,20800,1,0.16874999999999996,1185.5412902832031,20800,1,0.16874999999999996,1120.003158569336,20800,1,0.16874999999999996,1230.9944152832031,3850,1,0.16249999999999987,1173.0516204833984,3850,1,0.16249999999999987,1211.8671112060547,3850,1,0.16249999999999987,1288.1198120117188,3850,1,0.16249999999999987,1455.8470916748047,3850,1,0.16249999999999987,2306.952392578125,3850,0,0.16249999999999987,1406.0655670166016,3850,1,0.16249999999999987,5442.777084350586,20800,1,0.16874999999999996,1125.6109619140625,20800,1,0.16874999999999996,249882.01133728027,2961,2948,3024,3023,3019,3023,3021,3023,2984,2957,2948,4691,2982,2945,5378,2960,2930,3020,3024,3021,3021,3022,3024,3708,3022,3023,2941,5280,2989,2939,3024,3020,0,0,0,0,0,0,0,0,0,0,0,0,0,0,0,0,0,0,0,0,0,0,0,0,0,0,0,0,100,0,0,0,98726334464,2147479552,4013436928,0
99,1759350747951,2506.299331665039,3850,1,0.16249999999999987,1129.5677490234375,20800,1,0.16249999999999987,1421.3839721679688,20800,1,0.16249999999999987,2032.7100830078125,20800,1,0.17500000000000004,1603.165054321289,20800,1,0.17500000000000004,1185.5474700927734,20800,1,0.17500000000000004,1120.0093383789063,20800,1,0.17500000000000004,1231.0027313232422,3850,1,0.16249999999999987,1173.0597686767578,3850,1,0.16249999999999987,1211.8752136230469,3850,1,0.16249999999999987,1288.1290130615234,3850,1,0.16249999999999987,1455.8550109863281,3850,1,0.16249999999999987,2308.699737548828,3850,0,0.16249999999999987,1406.0900573730469,3850,1,0.16249999999999987,5442.783447265625,20800,1,0.16249999999999987,1125.6175384521484,20800,1,0.16249999999999987,249888.44578552246,2961,2948,3024,3023,3019,3023,3021,3023,2984,2957,2948,4691,2982,2945,5378,2960,2930,3020,3024,3021,3021,3022,3024,3708,3022,3023,2941,5280,2989,2939,3024,3020,0,0,0,0,0,0,0,0,0,0,0,0,0,0,0,0,0,0,0,0,0,0,0,0,0,0,0,0,100,0,0,0,98726334464,2147479552,4013481984,0
99,1759350748051,2506.307373046875,3900,1,0.16249999999999987,1129.5799713134766,20800,1,0.16249999999999987,1421.3902740478516,20800,1,0.16249999999999987,2032.7162475585938,20800,1,0.16874999999999996,1603.1716003417969,20800,1,0.16874999999999996,1185.5625305175781,20800,1,0.16874999999999996,1120.016616821289,20800,1,0.16874999999999996,1231.022964477539,3900,1,0.16249999999999987,1173.0750732421875,3900,1,0.16249999999999987,1211.8845825195313,3900,1,0.16249999999999987,1288.1382751464844,3900,1,0.16249999999999987,1455.8627624511719,3900,1,0.16249999999999987,2310.460708618164,3900,0,0.16249999999999987,1406.106430053711,3900,1,0.16249999999999987,5442.789840698242,20800,1,0.16249999999999987,1125.6239318847656,20800,1,0.16249999999999987,249894.92933654785,2961,2948,3024,3023,3019,3023,3021,3023,2984,2957,2948,4691,2982,2945,5378,2960,2930,3020,3024,3021,3021,3022,3024,3708,3022,3023,2941,5280,2989,2939,3024,3020,0,0,0,0,0,0,0,0,0,0,0,0,0,0,0,0,0,0,0,0,0,0,0,0,0,0,0,0,100,0,0,0,98726334464,2147479552,4013555712,0
22,1759350748151,2506.3174591064453,4850,1,0.1499999999999999,1129.5882873535156,8800,1,0.1499999999999999,1421.3989562988281,8800,1,0.1499999999999999,2032.7255096435547,8800,1,0.1499999999999999,1603.1793670654297,8800,1,0.1499999999999999,1185.574234008789,8800,1,0.1499999999999999,1120.0251007080078,8800,1,0.1499999999999999,1231.0404357910156,4850,1,0.1499999999999999,1173.0870513916016,4850,1,0.1499999999999999,1211.8961334228516,4850,1,0.1499999999999999,1288.1559143066406,4850,1,0.1499999999999999,1455.874526977539,4850,1,0.1499999999999999,2312.4556732177734,4850,0,0.1499999999999999,1406.1344909667969,4850,1,0.1499999999999999,5442.7991943359375,8800,1,0.1499999999999999,1125.6317749023438,8800,1,0.1499999999999999,249902.70152282715,2961,2948,3024,3023,3019,3023,3021,3023,2984,2957,2948,4691,2982,2945,5378,2960,2930,3020,3024,3021,3021,3022,3024,3708,3022,3023,2941,5280,2989,2939,3024,3020,0,0,0,0,0,0,0,0,0,0,0,0,0,0,0,0,0,0,0,0,0,0,0,0,0,0,0,0,100,0,0,0,98726334464,2147479552,4013928448,0
